name,categories,lat,lng,id,venue_id
Bar & Restaurant @ NYC,Bar,43.63324631070554,-79.4002238514701,4d9e80a736818cfadff1f500,
Manila Grill Restaurant,Restaurant,43.63623045298756,-79.41145420074463,5dfbdcd482265d0008c050bb,
Pearl Restaurant,Asian Restaurant,43.6366302,-79.40805209999999,50945a6be4b0ad3a94e01f3b,
Rozu Restaurant Lounge,Eastern European Restaurant,43.636899,-79.406064,4d8a998ebc848cfa4c5bde2b,
Lusso Restaurant and Bar,Lounge,43.63809395443668,-79.38066560097575,4ad4c05df964a52027f620e3,
Gonoe Sushi Japanese Restaurant,Sushi Restaurant,43.63901430970685,-79.38591360078077,501d4d55e4b0825080212f3c,
Amsterdam Brewhouse,Brewery,43.63812210550607,-79.38480300808894,516da5e0e4b0ad66584cf170,
Pearl Harbourfront,Chinese Restaurant,43.63815654013541,-79.38068763743328,4ae33054f964a520759121e3,
Restaurant at Number One,Restaurant,43.639044,-79.377653,4ead8aa602d5cf33fa765b07,
SCHOOL Restaurant,Breakfast Spot,43.6377753703417,-79.42429737067897,4ae094a7f964a5208f8021e3,38118429
INJapan Japanese Restaurant,Japanese Restaurant,43.63954,-79.42121,5e21ee584933aa0008a1d6f0,
UFO Restaurant,Diner,43.64399943323073,-79.40876747284632,4acf2eb1f964a5209fd220e3,
Elixir Restaurant,Middle Eastern Restaurant,43.64339074227458,-79.40564269111441,4ad4c05ff964a52010f720e3,
Beast Restaurant,American Restaurant,43.644081809663504,-79.40557852731638,4c10116ace57c928bd4781d2,
Excellent Chinese Restaurant,Chinese Restaurant,43.639239810318365,-79.39227848580624,4c31214866e40f471b99c48b,
Marben Restaurant,New American Restaurant,43.64338514035015,-79.3983458305702,4af251edf964a5205de721e3,
Sightlines Restaurant,American Restaurant,43.641635072211194,-79.38936460164057,4bc3ad5e461576b0db037f32,
"Ten Restaurant & Wine Bar, Port credit",Restaurant,43.63963228023868,-79.38805057479127,4cdc95d6d549548162a042b2,
Siempre Restaurant,Breakfast Spot,43.643127,-79.392296,5b54d8944420d8002c9a2e3b,
Windows Restaurant,Food,43.641535,-79.389271,4e81ac628b81fd59e7baddf9,
Mi-Ne,Japanese Restaurant,43.64073639213635,-79.39111356908798,4c0a7b036071a5937795df32,
Marigold Indian Bistro | Indian Restaurants in Toronto,Fast Food Restaurant,43.64430171166487,-79.39000236526671,53a07ba3498ee8946e98a7de,
360 Restaurant,Wine Bar,43.642537317144566,-79.38704201569328,4ad4c05cf964a520dff520e3,
Evviva Restaurant,Deli / Bodega,43.64157991761808,-79.38345644030795,562922be498e2c6aad0e6091,
Edo Restaurant,Asian Restaurant,43.642706,-79.385405,4e78cc8dfa769112d58372f0,
Subway,Sandwich Place,43.6424159,-79.3831495,4c0163083f0a9c741d4fa0ec,
ResoSolutions - Online Restaurant Booking System & Software,Restaurant,43.642566229238305,-79.37525510787964,55413a52498e17074d38e6f5,
Docks Restaurant & Night Club The,Bar,43.641805689100366,-79.35417083642646,4ad4c05cf964a520e1f520e3,
Union Restaurant,New American Restaurant,43.64585979013257,-79.41953208988866,4ada6d8df964a520832221e3,
Restaurants Canada,Office,43.64262834138462,-79.42533731460571,55eba3b8498e808c93025230,
Pho Rua Vang (Golden Turtle),Vietnamese Restaurant,43.64689319654605,-79.41977781583955,4ae86cb3f964a5203eaf21e3,
Street Shak Restaurant,Caribbean Restaurant,43.64688287054801,-79.40645456314087,571807ce498e6db184e08542,
Micheal's Restaurant and Deli,Bar,43.647289322295066,-79.40349333397708,4c47d78c1ddec92817ca9e32,
Nikolaou Restaurant Equipment,Kitchen Supply Store,43.647378,-79.403165,4cdee51278ddf04d0a7c9d98,
Buca Restaurant Toronto,Dutch Restaurant,43.644356,-79.399824,5beb6b5c2347240d1ca2873d,
Michael's Restaurant,Restaurant,43.647209,-79.403163,4c8b0a101797236ac0c76788,
Barn Restaurant,Diner,43.647233,-79.404508,4ba64368f964a520684039e3,
Ganto Japanese Sushi Restaurant,Sushi Restaurant,43.644274,-79.398879,573b4892498e3549f8603989,
Nikalou Restaurant Supply,Furniture / Home Store,43.64761431654497,-79.40266326195182,4b89797df964a520c43932e3,
TouchBistro Restaurant POS,Office,43.645599303621196,-79.40057484217849,4e6fb17fb0fbacf2addff295,470631406
Pat's Homestyle Jamaican Restaurant,Caribbean Restaurant,43.64738643913458,-79.40321008296453,4b6e3f5ef964a52021b42ce3,
5th Element,Indian Restaurant,43.64766889529336,-79.4013956637414,4d27632e55a8b60cc367c3c0,90483078
Lee,Asian Restaurant,43.64437490992841,-79.40042526918113,4ae7757df964a52082ab21e3,
Quiznos Canada Restaurant Corporation,Coworking Space,43.645459,-79.391797,4ceabf5f0f196dcb93b253ae,
Seazons Restaurant & Lounge,Restaurant,43.64802870509339,-79.39604774788232,4fb1aa68e4b0f1afb4cd9ab8,
Pizza Rustica Restaurant & Bar,Pizza Place,43.64491920354413,-79.3918436177755,4af23cabf964a520d4e621e3,
Mira,Peruvian Restaurant,43.644321001956754,-79.3963609253724,5a95ed89d1a4025c9076ec19,
Wayne Gretzky's Toronto,Sports Bar,43.64534424609647,-79.39190861526045,4ad4c05cf964a520d5f520e3,40829175
Victor Restaurant & Bar,Bar,43.64563436248102,-79.39112538566908,4ad4c05df964a5203ff620e3,
Azure Restaurant & Bar,Restaurant,43.644749195919346,-79.38511295085902,4b223f5af964a520ba4424e3,136175835
Aroma Fine Indian Restaurant,Indian Restaurant,43.646462521503445,-79.38964414801342,4aef8854f964a5201cd921e3,
Flexday At Victor Restaurant,Coworking Space,43.645652,-79.391123,5b74375433e118002cf5d511,
Mix Bistro Restaurant and Bar at the Hyatt Regency,Restaurant,43.64624476965642,-79.39145906970307,4cb4bf4064998cfaa7f608a2,
Ito Sushi & Noodle Restaurant,Japanese Restaurant,43.644808971551775,-79.38769621528486,4b7aed4af964a52095462fe3,
Queen Anne Restaurant,English Restaurant,43.648594,-79.39263,5c0ee730e55d8b002cb81e10,
Montecito Restaurant,Restaurant,43.64764401408166,-79.3910688649793,537e313d498e9e9e015f3018,145052232
Penelope Restaurant,Greek Restaurant,43.64663716228099,-79.38856799565981,4ad4c060f964a52074f720e3,
Tropical Desires,,43.6482975659204,-79.38788013479497,4bd5c28229eb9c74b7da93e1,
TOCA,Italian Restaurant,43.64543117726125,-79.38705858895491,4d5effa95b276dcbc3b201c6,
Subway,Sandwich Place,43.64620942980489,-79.38359506100971,4b86c8d6f964a5201b9d31e3,
Subway,Sandwich Place,43.64645929083939,-79.38950568877495,4c7e90a5d51ea1430508589f,
Imago Restaurants,Restaurant,43.64791,-79.39081,4d14c68e380a8eec7b2185fa,
Milagro Cantina Mexicana,Mexican Restaurant,43.645097,-79.389337,4afda2faf964a5205d2922e3,
Kit Kat Italian Bar & Grill,Italian Restaurant,43.64641598988062,-79.39003009548966,4b3ace79f964a520ae6e25e3,
Fune Japanese Restaurant,Japanese Restaurant,43.64851365544565,-79.38645657820041,4afa1f33f964a520e91622e3,
Bottom Line Restaurant & Bar,Bar,43.646286,-79.378086,4d542fc4f9f9b60c3b8d2be6,35051000
McDonald's,Fast Food Restaurant,43.645255003632315,-79.38056992394257,4b8d36f8f964a520c7ed32e3,
Epic,Wine Bar,43.64551466995504,-79.38123877444932,4ad4c05df964a5203af620e3,
Stratus,Restaurant,43.64618144730835,-79.38080934737143,4b231e82f964a5208e5324e3,
Canoe,Restaurant,43.647452066183476,-79.38132001815676,4ad4c05df964a52059f620e3,40552945
Earls Kitchen & Bar,Bar,43.647945662980305,-79.3837058277153,4d2b615e342d6dcb2b8115cb,
Over Easy,Breakfast Spot,43.64807704204346,-79.37759871575396,4b06e099f964a52002f222e3,
Fran's,Diner,43.647364016367966,-79.3760469880873,4c6960a08e7c0f470a68df0f,
Ki Modern Japanese + Bar,Japanese Restaurant,43.647223,-79.3793738,4ae73054f964a5203ca921e3,
Jump,American Restaurant,43.64814738516352,-79.37875242540652,4ad4c060f964a52057f720e3,41473022
The Lakeview Restaurant,Diner,43.64943515996231,-79.42039021958406,4b22e814f964a520175024e3,
Moliceiro Restaurant,Portuguese Restaurant,43.648816,-79.420487,57b88065498eab22ccdd78d8,
Quality Inn Restaurant,Restaurant,43.649329,-79.421472,4afd733af964a520e52722e3,
One day pop-up restaurant,Mexican Restaurant,43.6509366,-79.4217553,4f954f48e4b0f08d416ca47d,
Founder Restaurant & Bar,Restaurant,43.64947797447339,-79.42535203846116,5af9ee1eff03060039db2be2,494579197
Foxley Bistro,Asian Restaurant,43.648642746283834,-79.42049525794245,4af369d0f964a52060ed21e3,
Patois Toronto,Caribbean Restaurant,43.651900269201214,-79.40816897297664,5354c0be498e7c38a9cc7367,
Full Moon Vegetarian Restaurant,,43.652131,-79.40252,4b8171a1f964a5205da630e3,
Greens Vegetarian Restaurant,Vegetarian / Vegan Restaurant,43.652033704026216,-79.40238187213345,4cb79089dd41a35d6a2fd4a0,
The Boat Restaurant,Nightclub,43.652938231333486,-79.40141026049001,4ad4c05ff964a52040f720e3,
Aji Sai Japanese Restaurant,Sushi Restaurant,43.64849829452195,-79.39746943581353,4adf4011f964a520b97821e3,
Goldstone Noodle Restaurant 金石,Noodle House,43.6522783893466,-79.39803917534071,4b266f05f964a520657b24e3,
Green Tea Restaurant Downtown,Chinese Restaurant,43.652487830335545,-79.39750134944916,5c33c7cd8194fc002c66f72e,
Kensington Cornerstone Restaurant,Breakfast Spot,43.65280330843737,-79.39995806711424,4bce1ec0cc8cd13a9ac8c3cf,
Sky Dragon Chinese Restaurant 龍翔酒樓,Dim Sum Restaurant,43.65278331265585,-79.39817372355205,4b072e9df964a52009f922e3,
Ricarda's Mediterranean Restaurant & Bakery,Restaurant,43.648439424996475,-79.39389646053314,5e2e7bb787af750008e36a82,
Ali My Restaurant,Vietnamese Restaurant,43.65095604428919,-79.39717690303505,5269d9f211d2da02dd68ed5a,
Yoo J Express Restaurant (Purple Place! ),Chinese Restaurant,43.652564476551404,-79.3989031071905,51b604a0498e2384782ee1ef,
Kim Vietnamese Restaurant,Vietnamese Restaurant,43.652748,-79.399377,59eccc99dff8150ccdd70355,
Sang Ho Seafood Restaurant,Chinese Restaurant,43.65274725995042,-79.39902086744584,4b772c00f964a52097842ee3,
Bun Saigon Vietnamese Restaurant,Vietnamese Restaurant,43.651676463481216,-79.39765619789816,4af1c3a4f964a520f2e221e3,
Canteen Restaurant,Chinese Restaurant,43.6528214686215,-79.39827498252554,4ae7710bf964a52057ab21e3,
Ricarda's Toronto,Mediterranean Restaurant,43.64855585967538,-79.39343248995296,5792bb19498e1e1d0b52f008,357301892
East Restaurant Asian Street Flair,Asian Restaurant,43.64998452583986,-79.39056268913188,4ae31ac7f964a520799021e3,
Tundra Restaurant,Restaurant,43.650068857878594,-79.38540891817722,50ca02c0245f2d4aa8c2b313,
Anoush Restaurant,Restaurant,43.654588,-79.389692,4b82c671f964a52016e430e3,
Little India Restaurant,Indian Restaurant,43.65031880877208,-79.38899760320798,4ad8a5a7f964a5203c1321e3,57793907
Barristers Bar,Restaurant,43.64979669604817,-79.3858073393927,50ca02be245f2d4aa8c2ab5b,
Restaurant | Adelaide,Restaurant,43.649563,-79.38059,5a7c3e079de23b294a2c4117,
Vineyard Jamaican Restaurant,Caribbean Restaurant,43.64955,-79.38078,4ba2ab4af964a520650e38e3,
Maezo Restaurant,Indian Restaurant,43.6513954168839,-79.38188786532692,5b7618541ffe97002c1a13ae,
Maezo Restaurant & Bar,Indian Restaurant,43.651090520885205,-79.38184261322021,5834c90e110d032f3217f899,369067217
Osgoode Hall Restaurant,New American Restaurant,43.651978959035155,-79.3850485857013,4cffc78a75d3236a3b10e7f7,
Cru Restaurant,Restaurant,43.64982,-79.37835,5c636fa1492814002c0cb117,
Yulla Asian Fusion Restaurant,Asian Restaurant,43.651587,-79.379232,4de827e4d4c0faa56428a51a,
Mercatto,Italian Restaurant,43.6502431921682,-79.38081989149896,4adc5c6af964a520da2b21e3,
A&W,Fast Food Restaurant,43.651378,-79.378986,4ed5094f0e01fd2f5bc0190f,
Ninki Sushi,Japanese Restaurant,43.649812174244005,-79.37951837924346,4beb2c0ba9900f475b7a1740,
Victoria's Restaurant,Restaurant,43.64929834396347,-79.37643067251867,4ad4c05cf964a52006f620e3,498556908
The Hot House Restaurant & Bar,American Restaurant,43.64882370529773,-79.37370210886002,4ada5d5bf964a520e92121e3,
Trial Restaurant and Bar,Mongolian Restaurant,43.648932390189465,-79.37609195709229,525c07e211d2a64185b0f95a,
P.J. O'Brien Irish Pub & Restaurant,Pub,43.64890910058636,-79.37533020973206,4ee61a462da504839760f8c9,
Copetin Restaurant And Bar,Spanish Restaurant,43.649849,-79.374087,595ec15909e2831d70f13015,
Woods Restaurant & Bar,Molecular Gastronomy Restaurant,43.6493568159853,-79.37500248445933,51a15add498e3fa3478d2d9c,
L'Apero Restaurant,Restaurant,43.65182,-79.37441,4dff2649d22d48be8127cd1c,
B.L.D Restaurant,New American Restaurant,43.6508315945072,-79.37663892404116,4c38f3fc0a71c9b6f6ad41c9,
Hendricks Restaurant & Bar,Restaurant,43.65341542752959,-79.37969842137554,5a8b24b2018cbb6c4ca70dae,
Richtree Natural Market Restaurants,Restaurant,43.652614361741726,-79.38023131683906,4b295e10f964a520ba9d24e3,
Golden Thai Restaurant,Thai Restaurant,43.65252473089013,-79.37536916039467,4ad4c061f964a520a7f720e3,
McDonald's,Fast Food Restaurant,43.6530885,-79.3755076,4ba52d58f964a52015e838e3,
Portico,Restaurant,43.651855687900124,-79.37805540906518,4c1417c182a3c9b676b9fcf8,35491688
Metropolitan Resto Bar,Italian Restaurant,43.65006166044848,-79.3771814107564,4bbe0c134e069c745a829fe3,49918575
Bikkuri Japanese,Sushi Restaurant,43.649564308142,-79.37632789169632,4af63562f964a5203d0222e3,
Paddington's Pump,Diner,43.649035,-79.371899,4ad4c05ff964a52037f720e3,136511588
NAMI,Japanese Restaurant,43.650853361785124,-79.37588746641697,4b999927f964a5207c8635e3,
Terroni,Italian Restaurant,43.650927,-79.375602,4b49183ff964a520a46526e3,
Pearl Diver,Gastropub,43.651481290733734,-79.37359954211877,4ad8ad9bf964a520a51321e3,99375482
C'est What,Beer Bar,43.64842583928427,-79.37343925237656,4ad4c05cf964a520e3f520e3,50003822
Khao Hakka Restaurant,Asian Restaurant,43.65096,-79.368,5d7fca5c39e9a40008635b26,
Choclo's Restaurant,Food,43.652704,-79.370217,4e73fb0f2271ffa4e64747a2,
Archeo,Italian Restaurant,43.65066723014277,-79.35943064816142,4ac3e6cef964a520629d20e3,38103525
Morning Glory Cafe,Breakfast Spot,43.653946942635294,-79.36114884214422,4ae5b91ff964a520a6a121e3,39686393
Site Of Great Canary Restaurant,Breakfast Spot,43.65332280645853,-79.35788330902814,4f872713e4b0abaa00979185,
Udeal Hotel and Restaurant Supplies,Department Store,43.655221,-79.414002,4bf6f5b65efe2d7f94196834,
Donkey Kong: One Day Pop-Up Restaurant,,43.653942,-79.425002,4f946ff6e4b01b89907567a4,
Black Knight Restaurant,Restaurant,43.654337,-79.423711,4baf76eff964a520ea013ce3,
Perla Restaurant,Italian Restaurant,43.65571760887483,-79.4115353011533,4e960af8b803f7b4a4b37f7e,
Kalendar Restaurant & Bistro,French Restaurant,43.655672380709845,-79.41156052685736,4ad4c060f964a52050f720e3,42711552
Mochica,Peruvian Restaurant,43.6551707,-79.4146251,5875403d6431e51dcd18f625,
Bar 588,New American Restaurant,43.65542207436116,-79.41360533237457,5a0b1f76037be17a2e95b24e,
Vos Restaurante Argentino,Argentinian Restaurant,43.65418784632799,-79.42308962345123,5cc39ee5492822002ef255bb,541360756
Woodlot Restaurant & Bakery,New American Restaurant,43.655765,-79.409929,4cc3a79bbde8f04d0ddba64b,
El Rancho Restaurant & Night Club,Nightclub,43.65667340500913,-79.40710106606636,4ad4c05df964a52076f620e3,
Sneaky Dee's Restaurant & Concert Venue,Bar,43.65634906243686,-79.40764590401695,4ad4c05df964a5204cf620e3,582086466
KOS,Breakfast Spot,43.65502568322186,-79.40335800214416,4ae348cef964a520dd9221e3,
Rol San Restaurant 龍笙棧,Dim Sum Restaurant,43.65431754076345,-79.39864998374682,4ad4c060f964a5207ff720e3,
New Sky Restaurant 小沙田食家,Chinese Restaurant,43.65533674412141,-79.39889716243826,4b074bb1f964a52077fb22e3,
Swatow Restaurant 汕頭小食家,Chinese Restaurant,43.65386562507761,-79.39833353339202,4ae29812f964a520288f21e3,
Ka Chi Korean Restaurant,Korean Restaurant,43.654306552286656,-79.3992765578534,4ba2d00cf964a5203e1b38e3,
Huibin Restaurant,Chinese Restaurant,43.655938009591424,-79.4001235250686,53e15faf498edef3319c5d71,
M.Y. Chaffing Dish Restaurant,Restaurant,43.655464,-79.39907,4b774c07f964a520db8f2ee3,
Number Two Restaurant,Chinese Restaurant,43.656218,-79.399381,4e5ec0c518a870f60f30d187,
Saigon Lotus Restaurant,Vietnamese Restaurant,43.654310800343325,-79.39922450076845,58a7c100076be13f60d1dff5,
富來小廚 Sang's Great Seafood Restaurant,Chinese Restaurant,43.655145815292926,-79.39871246445931,4c255aefdb5195219a2c2c3a,
Sichuan Landscape Chinese Restaurant,Chinese Restaurant,43.65623203083605,-79.39944590351344,50529100e4b07f06391e0543,
August 8,Sushi Restaurant,43.65461641307909,-79.3985709479031,59fb6250603d2a17c4fbf9b6,
Canton Chilli,Chinese Restaurant,43.65630460596687,-79.39947123698828,4bc95b3268f976b0014d5d83,
Dumpling House,Dumpling Restaurant,43.65386003934455,-79.3985583639792,4b119787f964a520188023e3,
King's Noodle House 富豪麵家,Chinese Restaurant,43.6530891014144,-79.39821356650025,4ae74cfaf964a5202eaa21e3,
Pho Hung,Vietnamese Restaurant,43.654434,-79.398883,4ad4c060f964a52056f720e3,
North-East Chinese Restaurant 華北美食,Chinese Restaurant,43.6531846832903,-79.3966766276528,4d06c1ccc2e53704428cc567,
Tasty's Caribbean Restaurant & Catering,Caribbean Restaurant,43.656794,-79.399251,5b1c3098f96b2c002c5eb0c5,
Some Time BBQ Grill Restaurant 碳烤屋,Szechuan Restaurant,43.655874,-79.393826,5750b013498e755287c6de97,
Rong Hua Restaurant,Chinese Restaurant,43.653143938744904,-79.39713292289021,4f0f907ce4b067f66dbc8a05,
Harmony Chinese Restaurant,Chinese Restaurant,43.653427,-79.39703,57b8e03a498e48d4813ab5af,
新天地Korean Restaurant,Asian Restaurant,43.65340296156481,-79.3969789922185,4e079e1de4cdefcff6dd83d8,
BiWon Korean Restaurant 秘園,Korean Restaurant,43.65305,-79.397008,5bca8bc3ccad6b002c8dd841,
Traditional Northern Style Chinese Restaurant,Asian Restaurant,43.653118,-79.39679,52117a4c11d2ac3f5ac117a3,
Paradise Korean Restaurant,Korean Restaurant,43.65320427193235,-79.39658866686617,54371b7c498e7f408106b674,
Rol Jui Seafood Restaurant,Chinese Restaurant,43.65315284886056,-79.39687676028686,4ba573a5f964a5207c0839e3,
Sen Ming Garden Restaurant,Dim Sum Restaurant,43.653397,-79.395961,4e076d76d4c03ae0b9c9e065,
Second Floor Restaurant,Asian Restaurant,43.653394947123004,-79.39557161419238,4ef75b110e61a0846d6a40cb,
喜洋洋 Dundas Garden Restaurant,Chinese Restaurant,43.65343046297033,-79.39557711180447,4e0bd60418a83181d4251ff8,
Dundas Spring Garden Restaurant,Cantonese Restaurant,43.653419,-79.395554,53b990f2498ef8731fee87b3,
New Hong Fatt BBQ Restaurant 新鴻發美食軒,Chinese Restaurant,43.65334218256763,-79.39600679909486,4adb62a5f964a520c62621e3,
King Crab Seafood Restaurant,Chinese Restaurant,43.653459,-79.394769,5aa595454aa3f802dedab924,
Dim Sum King Seafood Restaurant,Dim Sum Restaurant,43.653503,-79.395405,4ddbe8697d8b771c0b09b885,
spring garden Restaurant,Chinese Restaurant,43.655208685959636,-79.3934440137687,51e1cf9a498e3c12c7f3ca22,
Toronto Big Bowl Restaurant,Szechuan Restaurant,43.655934,-79.393731,5c5b8685c5b11c00398a0e6a,
The Winding Road Restaurant,Chinese Restaurant,43.656013,-79.392451,5dfaabffbdacac0008c8a53a,
Zhu's Restaurant,Chinese Restaurant,43.656277,-79.392393,4b589c8ff964a520396128e3,
Hua Sang Seafood Restaurant,Chinese Restaurant,43.65598631977402,-79.39370277360942,4ad4c060f964a52082f720e3,
Bodega Restaurant,French Restaurant,43.655961,-79.393675,4ad4c05ff964a52044f720e3,
Kowloon Seafood Dim Sum Restaurant,Chinese Restaurant,43.65621662983656,-79.39241824573212,4b5c8b88f964a520b33529e3,
Wah Sing Seafood Restaurant,Chinese Restaurant,43.655935570829165,-79.39378308503211,4b287167f964a520659324e3,115982783
Hemispheres Restaurant & Bistro,American Restaurant,43.65488413420439,-79.38593077371578,4ad4c05ff964a52048f720e3,
Cali Restaurant,Vietnamese Restaurant,43.65506808,-79.386375,4c476d6719fde21e32410876,
Wah Too Seafood Restaurant,Chinese Restaurant,43.65483285234745,-79.38720597193928,4c69740b8d22c9284d42b745,
Spring Rolls | Japanese Restaurant in Toronto,Theme Restaurant,43.65610515821675,-79.38349485397339,56dd9d68498eb4e5edcb30f9,
Hong Shing Chinese Restaurant,Chinese Restaurant,43.65492521335936,-79.38708916106386,4b2027b5f964a520f82d24e3,60327598
New Treasure Restaurant,Dim Sum Restaurant,43.65538444237565,-79.3853618106867,4b2a674ef964a52074a824e3,
Alio Restaurant & Wine Bar,Italian Restaurant,43.65565507065502,-79.3841236014983,4ae9ef82f964a520cbb721e3,
Yueh Tung Chinese Restaurant,Chinese Restaurant,43.655281263429195,-79.3853365267765,52a7ae41498eed3af4d0a3fa,
Kyoto House Japanese Restaurant,Sushi Restaurant,43.65538110598594,-79.38527010094231,4ae4b055f964a520229d21e3,
Ali Baba's,Middle Eastern Restaurant,43.65491647880546,-79.38717216891472,4ddd83c788779c82beb061fc,
Lai Wah Heen,Chinese Restaurant,43.65503785867478,-79.38589043402241,4ad4c060f964a5205cf720e3,
Valens Restaurants,Restaurant,43.65609618431269,-79.39283865916013,4d8a7d78bc848cfabd63db2b,
Castries Bar & Five Way Restaurant,Caribbean Restaurant,43.654727935791016,-79.38092803955078,53ae6660498e1ac3c1282743,
Terrace Restaurant at Elmwood,American Restaurant,43.65610066909799,-79.38148016065777,4edbccaaf9abeea3db5268df,
The Senator Restaurant,Diner,43.65564091455335,-79.37919882575557,4ad7929cf964a520500c21e3,55585058
Akashiro Japanese Restaurant & Bar,Sushi Restaurant,43.65596504293232,-79.38054070644233,4fbbb3ace4b01e39077b4d55,
Mt. Fuji Japanese Restaurant,Japanese Restaurant,43.658555,-79.384992,4c12b8ba82a3c9b6083ffaf8,
Joe's Indian Restaurant,Indian Restaurant,43.65814977325445,-79.38156263736568,5165c333e4b07a7ad88d8a69,
The Elm Tree Restaurant,Modern European Restaurant,43.65739749535259,-79.38376054171513,539c6f13498e06f4cc765165,88534436
Adega Restaurant,Restaurant,43.65751886446546,-79.38346181502347,4ad4c060f964a52070f720e3,
Donatello Restaurant,Italian Restaurant,43.657489310288014,-79.38360495100461,4afcc52df964a520b82522e3,
KAKA,Japanese Restaurant,43.65745745164475,-79.38419169987876,5a62412b1108ba191da5ba06,
Fran's,Diner,43.65426474929814,-79.37912005538317,4ada04eff964a520571d21e3,
McDonald's,Fast Food Restaurant,43.658192,-79.382043,5293ebf411d2f044f678efd8,
City Kitchen,Restaurant,43.65401783830981,-79.37982648714211,532063ce498e106a873aa20b,
Salad King,Thai Restaurant,43.65760101432665,-79.38161963017174,4ad4c061f964a52095f720e3,
Subway,Sandwich Place,43.6564939,-79.3807983,4c6abb8c2c29d13ad2720e41,
JOEY Eaton Centre,New American Restaurant,43.6560936540828,-79.38187792357716,4df909dfe4cd2129701c0690,
Spring Rolls,Asian Restaurant,43.655997379987994,-79.38245534190555,4afb1ff7f964a5205b1b22e3,
T.C.J. Restaurant,Asian Restaurant,43.653364490464604,-79.37547565899231,51e2cd6f498e10d88582ae4f,
TCJ Restaurant,Asian Restaurant,43.65329078510988,-79.37534292740793,5222402911d244e2f458ed70,
GEORGE Restaurant,Restaurant,43.65334645635036,-79.3744449051126,4af618daf964a520220122e3,208931627
Citrus Restaurant & Lounge @ The Grand Hotel,Lounge,43.65627304573888,-79.37422062269164,4fdfc6c1e4b03326d77bd7c8,
Good View Chinese Restaurant,Chinese Restaurant,43.656791249922385,-79.37613917916755,4adf80b9f964a5202f7b21e3,
Moss Park Restaurant,Restaurant,43.65416368569964,-79.37050460491506,4de260bb2271bfb844997122,
Ryan Restaurant,Ethiopian Restaurant,43.655724,-79.364129,5b9e897ac9a5170039679335,
White Elephant,Thai Restaurant,43.655884298572765,-79.36358647762914,540bea73498e234757c8b0a7,
Weheliye Restaurant,African Restaurant,43.658536,-79.365689,5bf9f9f7135b39002cd82007,
Lalibela Restaurant,Ethiopian Restaurant,43.66214574755775,-79.42487048234243,4b96e048f964a520afea34e3,40539266
Adelina Russian Restaurant & Bar,Russian Restaurant,43.6605748,-79.41484739999999,5c4638eee17910002cde89b7,531692486
Chez Suzy Restaurant,Restaurant,43.65867286292838,-79.4234812259674,5e62a64e29ef820008d4a917,
Dahlak Restaurant,Ethiopian Restaurant,43.66250093002291,-79.42389965057373,4ee90171108135b4c85e653f,
La Bella Managua Restaurant,South American Restaurant,43.66216186157475,-79.42492873619119,4b896cb7f964a520123532e3,
Mars Restaurant,Restaurant,43.66159533566323,-79.40707190346609,4ad91e76f964a520421821e3,
River Tai Restaurant,Chinese Restaurant,43.66290213,-79.403167,4b340703f964a5200d2425e3,
Subway,Sandwich Place,43.658683235357074,-79.39489579355643,4bce296fcc8cd13aeddfc3cf,
Subway,Sandwich Place,43.65987502486328,-79.3886058981476,4be9a0576295c9b61e738508,
Subway,Sandwich Place,43.65900641631697,-79.38475954225783,4b6de84af964a520dc9a2ce3,
Studio Restaurant,Breakfast Spot,43.661500159065305,-79.3793192447337,4bd47e6fcfa7b7139f2924da,
Carlton Restaurant,New American Restaurant,43.66153280071713,-79.38101182087826,50c77c28e4b09076e33b9fa2,
Tummy Time,Middle Eastern Restaurant,43.6588144248406,-79.38208498814286,4be057862aed2d7ffeffc76f,
McDonald's,Fast Food Restaurant,43.66221597116325,-79.38377174246847,4ba26135f964a5200df337e3,
The Carelton,Movie Theater,43.66131540464411,-79.38189254346256,4e05137aae60a90eabb9fc9e,
Fran's,Diner,43.661255320138636,-79.38389304122866,4ae1296df964a5208c8521e3,
Ho Jan 好棧粉麵小廚,Chinese Restaurant,43.66148337688324,-79.38111066405962,4b78a5a0f964a520d1db2ee3,
Daily Sushi,Sushi Restaurant,43.66138539281109,-79.38157955833417,4ae1b52bf964a520dd8621e3,
Sushi Sky,Sushi Restaurant,43.66244625914365,-79.3836036410283,4b5c7d3cf964a520653229e3,
A&W,Fast Food Restaurant,43.663094,-79.383971,4caf97981463a14346c995a9,
Cottage Restaurant & Lounge,Thai Restaurant,43.66277006654972,-79.37689434011018,4ad4c05ff964a52018f720e3,
Zoar Restaurant,Gastropub,43.661099,-79.378891,4d95e7ab744f370400dfab57,
OMI Thai and Japanese Restaurant,Thai Restaurant,43.662145,-79.378965,4b743471f964a520f6cc2de3,
Bestweatern Primrose Hotel Restaurant,Bistro,43.66271754572965,-79.37683935287467,539f93fa498ec2230a9c0a78,
Ontario Restaurant,Diner,43.65888321199789,-79.36836906142996,4ae666dbf964a520dca621e3,
Athenas Bar & Restaurant,Greek Restaurant,43.664133998262265,-79.36624820295125,4ce06844f8cdb1f7de259712,
est Restaurant,American Restaurant,43.658911,-79.349035,5d3127c715cfea0007e44d52,552734373
Caribbean Sunset Restaurant and Bar,Restaurant,43.659347534,-79.347953796,59719d3c65211f46b1172eb2,
Lan Restaurant,Vietnamese Restaurant,43.659234,-79.348055,576c61e5498ef74633413b66,
Mapo Korean BBQ Restaurant 마포상회,Korean Restaurant,43.664095885903244,-79.41673815250397,5a60f513a6031c579d573413,
Imonay House Restaurant 뉴 · 이모네집,Korean Restaurant,43.66412292954772,-79.41581478743696,4b9fcc3df964a520a43f37e3,
Sunrise House Korean Restaurant 해뜨는집,Korean Restaurant,43.66418287914217,-79.41574611551155,4b19c8b7f964a52017e423e3,
Lim Ga Ne Korean Restaurant 임가네,Korean Restaurant,43.66394504978582,-79.41688239269187,4dd5555245ddd703552b6c67,
Pero Restaurant,Ethiopian Restaurant,43.66269851655211,-79.42267113286805,4b4960fdf964a520ba6e26e3,
Korean Village Restaurant,Korean Restaurant,43.664497913032065,-79.41436726023312,4b11b1f2f964a520778223e3,
Shmsine Restaurant,Middle Eastern Restaurant,43.663475,-79.418495,57577f1f498ed195447cc693,
Al Sherooq Restaurant,Middle Eastern Restaurant,43.663592,-79.418673,5dbc8a1e6a99d1000801562b,
Buk Chon Korean Restaurant,Korean Restaurant,43.663908,-79.416844,4cbf3b77021ca143bd8f5a0c,
630 Maroli Indian Kerala Restaurant,Restaurant,43.664442,-79.414456,51e0a7c492093977ebd16779,
pero restaurant,Ethiopian Restaurant,43.66281138704353,-79.42254781723022,4f98c743121dcf96522ca3af,
Abyssinia,Ethiopian Restaurant,43.66333916029408,-79.41853523254395,4c913d621adc3704635d2ed1,
Asseb Restaurant,African Restaurant,43.66268186360495,-79.422786282869,4ea44d5129c2abc8df90a04d,
Mi Hwa Korean Restaurant,Korean Restaurant,43.66453053974964,-79.41401426255796,51736737498e182066b4ec3f,
Myoung Dong Soon To Fu Korean Restaurant (Sushi Cafe),Korean Restaurant,43.664562,-79.413909,4bf342a16a31d13a1c83942e,
Coreana Restaurant,Korean Restaurant,43.66467432516737,-79.41351957491293,51097bbce4b0ab63d2419ed7,
MIHWA Korean Restaurant,Korean Restaurant,43.664541,-79.413979,4e0f89fd14956c62850543a4,
OurHouse Korean Restaurant,Korean Restaurant,43.664837,-79.412744,4fbe8a39e4b038a9933e433d,
Mom's Korean Restaurant,Korean Restaurant,43.6646250121462,-79.41366853502585,51b78d02498ef3c190455409,
Yummy Korean Restaurant,Korean Restaurant,43.664430691694356,-79.41393731132068,4f6a6d6ce4b0454e84670b37,
Jangwon 장원,Korean Restaurant,43.66377096454114,-79.41771291322172,4f80c3d5e4b0a6d0b6721972,
Selam Lounge,Event Space,43.662717,-79.422658,5c2d8b4075dcb7002c0663e3,
Insomnia Restaurant and Lounge,Restaurant,43.665179618013326,-79.41096552569321,4ad4c05cf964a520cdf520e3,51631703
By The Way Restaurant Bistro,Middle Eastern Restaurant,43.66596243495589,-79.4075059890747,537970be498ee2a212c416ff,
Piano Piano the Restaurant,Italian Restaurant,43.66607183267395,-79.40655519078405,56ea0182498ebf492eea7c18,
Country Style Hungarian Restaurant,Eastern European Restaurant,43.66562095917719,-79.40897737643422,4b526f56f964a520377d27e3,
Real Thailand Restaurant,Thai Restaurant,43.66655676709821,-79.40465745192407,4ad4c061f964a5208ff720e3,
Subway,Sandwich Place,43.663325290309224,-79.40249579718113,4b872bc1f964a5208bb431e3,
Fresh Restaurants - Bloor,Restaurant,43.6669209,-79.403466,5ef05f2cc3f1e90008cc7133,582818058
InterContinental Toronto Yorkville,Hotel,43.668223,-79.396375,4ad4c05cf964a520b7f520e3,138938288
Coach House Restaurant,Diner,43.66499059853204,-79.38481415727767,4b2d27b4f964a520a6cf24e3,
Mullins Irish Alehouse,Pub,43.666303328791415,-79.38793556939271,4b9ae915f964a5201ae235e3,
Subway,Sandwich Place,43.66752691678821,-79.3889189535447,4c0e3ec52466a59312b07821,
Ehwa Restaurant,Asian Restaurant,43.66786120998408,-79.38488436577298,4e05373514959022c888670e,
Subway,Sandwich Place,43.6666687566922,-79.38536006031786,4b231f20f964a520955324e3,
Fireplace Restaurant,Chinese Restaurant,43.663825,-79.377026,4ad4c05ff964a52038f720e3,
Kabab & Tikah House,Indian Restaurant,43.66331275366478,-79.3727042192563,4d8c057e5ca68cfa813a189d,
Tender Trap Restaurant,Chinese Restaurant,43.66772379650776,-79.36948477788651,4b7b268cf964a52061542fe3,
Plum 226 Restaurant & Lounge,,43.66405,-79.36906,4b5910d4f964a520e67a28e3,
Breakfast Restaurant,Breakfast Spot,43.66370239240009,-79.36821145139177,4c067efc191f20a17498e414,
Rainbow Restaurant,Indian Restaurant,43.66741592867017,-79.36934978648982,4c4b1e1ac668e21ea05da0f9,
Subway,Sandwich Place,43.66564329610601,-79.3683001523662,4c37b2fb3849c9282036beb1,
The Pear Tree,Restaurant,43.664904018134834,-79.36824639094671,4ad4c05ff964a5202df720e3,
Dac Hoa Restaurant,Vietnamese Restaurant,43.665393,-79.352787,5db369fc8466590008ed3dcb,
New Pepper Chili Szechuan Restaurant,Chinese Restaurant,43.66541287557503,-79.35247679960533,4cc45369be40a35d26c87d4c,
Eikona Restaurant,Chinese Restaurant,43.665359,-79.352607,4bb67a0cef159c740f0676f7,
Wok & Roast Chinese BBQ,Chinese Restaurant,43.665067,-79.352298,58ab6f3eea29b818ab66cb3e,
Mi Mi Restaurant,Vietnamese Restaurant,43.66629336492295,-79.34907864247218,4ae77362f964a52069ab21e3,
Jin Jin Chinese Restaurant,Chinese Restaurant,43.665467,-79.3512,4e3348e988772aabd8ab1335,
Mimi Restaurant,Vietnamese Restaurant,43.66656531718888,-79.34963316832949,52aa715511d2fb0f554089ff,
The Real Jerk Restaurant,Caribbean Restaurant,43.66773464604252,-79.34283873302478,5240e04fbce607d489eb95d9,77051734
"Skor restaurant, supplies",,43.666694,-79.344588,4bd1f5da046076b0f8e67271,
My Bar & Restaurant,Bar,43.667384,-79.342703,4c70ef4dd274b60c602bdb0d,
Icy Spicy Fusion Restaurant,Restaurant,43.661848965053835,-79.33755397796631,4bc0fdc92a89ef3b6d98f188,
Empire Restaurant and Lounge,Nightclub,43.66927199587462,-79.42283025079402,4de939f5814d89ee7e821c5d,
Gobo sushi,Japanese Restaurant,43.670783469721805,-79.42128720533807,4d2d046a853ff04de86ec5da,
Annapurna Vegetarian Restaurant,Vegetarian / Vegan Restaurant,43.67280358595294,-79.41408716361897,4ad4c05ff964a52041f720e3,
Opus Restaurant,American Restaurant,43.66917767656106,-79.39724118726546,4af8ce1ef964a5200c1022e3,
ONE Restaurant/Lounge,New American Restaurant,43.670809368275535,-79.39327240013003,4b02a076f964a520234922e3,
China Garden Restaurant,Chinese Restaurant,43.66838255236472,-79.39536270469046,4b880a37f964a5200cdb31e3,
Regal 16 Chinese Restaurant,Chinese Restaurant,43.67045,-79.392822,4d1a8e03dd363704e88d5c1a,
Waterfalls restaurant,Indian Restaurant,43.67013,-79.3928,4e7e17295503d17f912287fc,
Zin Restaurant,Chinese Restaurant,43.672401,-79.395712,4b5e3cc6f964a5207b8529e3,
Shogun Japanese Restaurant,Japanese Restaurant,43.66993425275334,-79.3932274118881,4ad4c060f964a52062f720e3,
Amber Restaurant & Bar,Cocktail Bar,43.67040702867929,-79.3928532289126,4ad4c05df964a52042f620e3,
Signatures,Restaurant,43.66849431038538,-79.39661752896083,4daecccaa86e29d01a4acadf,
Toronto Marriott Bloor Yorkville Hotel,Hotel,43.670009,-79.3932813,4ae1cb55f964a520758721e3,129932612
Subway,Sandwich Place,43.66842331002552,-79.3954206525813,4c17c9f02cddb7134f0b831e,
Hemingway's,Restaurant,43.670080656552734,-79.39274423999642,4ad4c05df964a52054f620e3,
Sassafraz | Cafe | Restaurant | Private Events,Event Space,43.67034226367314,-79.39104050451753,4ad4c05cf964a520cef520e3,
Matisse Restaurant And Bar,Restaurant,43.67057375344845,-79.38485582052517,4b4d3b51f964a520e4ce26e3,83923512
Scaccia Restaurant,Italian Restaurant,43.66879380295752,-79.38829648072713,4adcc289f964a520812f21e3,
Kathmandu Restaurant,Indian Restaurant,43.671023138679175,-79.3879571077354,5605d124498e0f46d602ee3a,
True Restaurant,Italian Restaurant,43.671073,-79.390808,4addf19ef964a520916621e3,
Yamato Japanese Restaurant,Japanese Restaurant,43.67068330431913,-79.39105580388929,4ad4c05ff964a5203af720e3,
Brothers Restaurant,Restaurant,43.6704210468,-79.38979309219646,580aea74d67c230d453b04aa,
Sorrel Restaurant,New American Restaurant,43.67105534505626,-79.39145835503048,4d35c67e97fa5941b5ba603e,
OJA Restaurant,Sushi Restaurant,43.6689434910527,-79.38624132580058,4adc9ad8f964a520ce2d21e3,
Subway,Sandwich Place,43.67165639708646,-79.3876095507652,4c0d6173e60fb713bf502122,
Blu Ristorante and Lounge,Italian Restaurant,43.671685168801105,-79.38861384709223,4b737d37f964a520f6b02de3,
Dynasty Chinese Cuisine,Dim Sum Restaurant,43.67114125499929,-79.39082722487748,4d0d035a903d37042c51c155,
Tokyo Kitchen,Japanese Restaurant,43.66878262373862,-79.38515305215851,4ae787b9f964a52020ac21e3,
Sunset Grill,Breakfast Spot,43.67080880788391,-79.38420044209045,4d260aa45cc1a093cd6b98be,
King's Palace,Indian Restaurant,43.67221373713898,-79.38584300639029,4afa45ddf964a5209b1722e3,
Subway,Sandwich Place,43.671231899018224,-79.38073092415544,4b06d33ef964a520f2f022e3,
Saxony Restaurant,Karaoke Bar,43.67093231713281,-79.37637196005508,4f77bbc3e4b0df543708e733,
Chelsea Filipino Restaurant,Filipino Restaurant,43.671127,-79.374923,572dfaea498ef8b4ab0ac1a0,
Pinoy Ako Restaurant,Filipino Restaurant,43.67102429345402,-79.37506324761496,50a7ea01e4b00340966585b3,
Mahal Kita Restaurant.  Take-out & Catering,Filipino Restaurant,43.6712147312829,-79.37506874644538,51cefaf2498ef93fbd66ab65,
Nijo Japanese Restaurant,Japanese Restaurant,43.671848798792055,-79.37882430813714,4b50f565f964a5209b3a27e3,
Ruyi Chinese Restaurant,Chinese Restaurant,43.668855,-79.337212,4c718bf113228cfab4d42865,
L'Unita Restaurant,Italian Restaurant,43.674387404879205,-79.39648826123504,4ad4c05cf964a520f1f520e3,
Joso's,Mediterranean Restaurant,43.67483469176536,-79.39617148340865,4ad4c061f964a520a3f720e3,
Subway,Sandwich Place,43.674438330746284,-79.38870281356958,4bbf6dfc30c99c74fe2e5511,
New York Cafe,Breakfast Spot,43.676012649330566,-79.35871462526285,4ad9c3e8f964a520b21a21e3,
Florentina's Italian Restaurant,Italian Restaurant,43.67656199554484,-79.35569931095333,4de024f0b0fbe2cfa5fee3c4,
Herby Restaurant,Persian Restaurant,43.67745,-79.35129,5e0555bdbf036000082018fd,
Osmow’s Authentic Mediterranean Restaurant,Mediterranean Restaurant,43.677883,-79.34925,5bb8f09c20dc640025ca7259,
Megas Restaurant,Greek Restaurant,43.67769170473581,-79.35152185035946,4b6e0665f964a5204ea42ce3,
Pantheon,Greek Restaurant,43.67762124481265,-79.35143390043564,4bce4183ef10952197da8386,
Sacaramouch Restaurant,Restaurant,43.681512,-79.399917,5a0cff84646e3801514bcc7a,
Sorrel Restaurant,Bistro,43.6804,-79.390819,54137c5d498ecf2e46f9f6fb,
Sash Restaurant,French Restaurant,43.681877,-79.3913,5d55e3a03b65e30008e11a0a,
Silk Road Restaurant 絲綢之路,Chinese Restaurant,43.68300151344203,-79.38979894113936,545b0132498e7b0eeade5ada,
Great Kitchen Restaurant,Café,43.683214,-79.392087,4bd5b40a6f649521267c6fec,
Terroni,Italian Restaurant,43.67987011343499,-79.3905246388595,51f70ed7498e22ab07725a43,
Beiteddine Lebanese Restaurant,Lebanese Restaurant,43.678065,-79.348542,5d8653a66d03900008abeac2,
Katsu Japanese Restaurant,Sushi Restaurant,43.67861856512561,-79.34702430590903,4ad89921f964a520b01221e3,
Friendly Greek Restaurant,Greek Restaurant,43.67842791362434,-79.34764181796815,4ad4c05ff964a5202ff720e3,
Simone's Caribbean Restaurant,Caribbean Restaurant,43.67865547474292,-79.34658157954753,5269ba3c498ea63de3eb987b,
Camel Restaurant,Restaurant,43.679,-79.344329,5d703b799addbf0008bba0de,
The Palace Restaurant,Restaurant,43.679827,-79.345331,4c5dfa799b28d13aa8475b70,
Asteria,Souvlaki Shop,43.67903948113632,-79.34433619173721,5522a701498ea3715c2437b7,
Subway,Sandwich Place,43.67889168995495,-79.344366438149,4b851fd3f964a520f74c31e3,
Sunshine Caribbean Restaurant,Caribbean Restaurant,43.680767,-79.338146,4c6345c358810f477c71091e,
Athens Restaurant & Bar,Greek Restaurant,43.679158774155724,-79.34365960911909,502826ffe4b039d48c722f78,
Danforth Dragon Restaurant,Asian Restaurant,43.6798113424494,-79.339838432929,4adcb1a9f964a520d52e21e3,
Taha's restaurant,Middle Eastern Restaurant,43.68027,-79.34009,509d4ea7e4b00baa8bf28d77,
Motorama Restaurant,Diner,43.67984859470629,-79.34010109351141,4b4354def964a52087de25e3,
Patris Restaurant,,43.680076,-79.33905,4bb632a0941ad13af9091fe3,
Sakawa Coffee,Café,43.679906,-79.339807,5787c18b498e6faa6ae1f44d,
Bloom Restaurant,,43.683081,-79.420353,5561802a498e00cae8804d5e,
Coco Pan Restaurant,Noodle House,43.682988,-79.420766,4c6b14d2a48420a1a751090b,
Figs Restaurant Bar & Grill,,43.68697,-79.393856,4ad903a4f964a5201e1721e3,
Divino Restaurant,Italian Restaurant,43.685884,-79.393229,4d80f0d688a96a3196307700,
Chef of India,Indian Restaurant,43.68739108979126,-79.39366289219959,4b7c2a4ff964a52087812fe3,
Dairy Queen,Ice Cream Shop,43.6842141,-79.3570829,59149178b040565b9c0a899a,
Number One Chinese Restaurant,Chinese Restaurant,43.684585940432,-79.34690952301025,4d72d530ec075481ab7c8fbf,
Greek Garden Restaurant,Greek Restaurant,43.68709,-79.347777,4daf62c76e814e9939f6563c,
Makkah Restaurant,Restaurant,43.68064246148289,-79.33661277260781,4b0c6669f964a5207e3c23e3,
The Corner Place Restaurant Lounge,Lounge,43.6812618,-79.3373434,4ebf213b9adfe2b7b5e1f8aa,
KABSA MANDI RESTAURANT,Middle Eastern Restaurant,43.68059623803054,-79.33700353389618,544dddb3498ee0bc25cd2e92,
